{"cameraMode":{"drawMode":0,"name":"Shaded","section":"Shading Mode"},"sceneLighting":true,"audioPlay":false,"sceneViewState":{"showFog":true,"showMaterialUpdate":false,"showSkybox":true,"showFlares":true,"showImageEffects":true,"showParticleSystems":true},"in2DMode":false,"pivot":{"x":2.257052183151245,"y":0.440219521522522,"z":-0.29668307304382326},"rotation":{"x":0.11429920047521591,"y":-0.3607241213321686,"z":0.04459425061941147,"w":0.9245675802230835},"size":20.67457389831543,"orthographic":false}