{"cameraMode":{"drawMode":0,"name":"Shaded","section":"Shading Mode"},"sceneLighting":false,"audioPlay":false,"sceneViewState":{"showFog":true,"showMaterialUpdate":false,"showSkybox":false,"showFlares":true,"showImageEffects":true,"showParticleSystems":true},"in2DMode":false,"pivot":{"x":-0.0000743865966796875,"y":1.3341524600982667,"z":0.6150689125061035},"rotation":{"x":-0.047015123069286349,"y":0.3860573172569275,"z":-0.019705958664417268,"w":-0.9210651516914368},"size":9.11536979675293,"orthographic":false}